Rectangle,Width,Height,X,Y
R,0.4,0.6,0,1.1
R,0.45,0.3,0.4,1.1
R,0.25,0.15,0,1.7
R,0.25,0.15,0.25,1.7
R,0.15,0.25,0.666667,0.5
R,0.05,0.2,0.816667,0.5
R,0.1,0.1,0.866667,0.5
R,0.2,0.2,0.666667,0.75
R,0.3,0.15,0.666667,0.95
R,0.6,0.6,0,0.5
R,0.7,0.3,0,0
R,0.99,0.2,0,0.3
